total,7840
TP,6376
FP,1
TN,1
FN,1466
accuracy,0.8129780724120347
precision,0.9998431864513094
recall,0.8130578933945423
F1-Score,0.8968281876362613
time,0.00432896614074707
