total,7840
TP,6763
FP,1
TN,1
FN,1079
accuracy,0.8623151453340132
precision,0.9998521584861029
recall,0.8624075490946187
F1-Score,0.9260577844721348
time,0.003103971481323242
