total,7840
TP,6622
FP,1
TN,1
FN,1220
accuracy,0.8443396226415094
precision,0.9998490110221954
recall,0.8444274419790869
F1-Score,0.9155893536121672
time,0.005348682403564453
